S/NO,First Name,Last Name,Gender,Age,Email,Phone,Education,Experience (Years),Salary
1,Carina,Johnson,Female,31,c.johnson@randatmail.com,563-8305-71,Master,6,132127
2,Sabrina,Carter,Female,38,s.carter@randatmail.com,156-2879-27,Doctoral,5,134479
3,Marcus,Kelley,Male,37,m.kelley@randatmail.com,014-7675-98,Primary,14,65423
4,Eleanor,Bennett,Female,33,e.bennett@randatmail.com,484-6451-84,Bachelor,8,147471
5,Alberta,Barnes,Female,36,a.barnes@randatmail.com,898-5315-61,Bachelor,5,191154
6,Steven,Tucker,Male,38,s.tucker@randatmail.com,425-5037-33,Doctoral,0,70902
7,Melissa,Harris,Female,32,m.harris@randatmail.com,816-9329-98,Primary,15,169668
8,Henry,Edwards,Male,32,h.edwards@randatmail.com,406-1029-43,Master,15,40816
9,Deanna,Morris,Female,38,d.morris@randatmail.com,579-6981-95,Primary,7,119889
10,Miller,Elliott,Male,33,m.elliott@randatmail.com,064-1026-69,Upper secondary,14,135263
11,Sam,Johnson,Male,32,s.johnson@randatmail.com,178-9341-34,Upper secondary,16,63201
12,Ryan,Scott,Male,31,r.scott@randatmail.com,923-8321-09,Doctoral,5,182852
13,Ellia,Brooks,Female,33,e.brooks@randatmail.com,541-0917-93,Primary,3,186979
14,Luke,Murphy,Male,37,l.murphy@randatmail.com,025-7419-22,Primary,2,199428
15,Eleanor,Davis,Female,32,e.davis@randatmail.com,804-0772-84,Bachelor,2,32230
16,Adrian,Cameron,Male,40,a.cameron@randatmail.com,227-9810-03,Bachelor,1,106753
17,Annabella,Miller,Female,38,a.miller@randatmail.com,157-8727-21,Bachelor,7,62794
18,Lucy,Perkins,Female,38,l.perkins@randatmail.com,113-6983-60,Bachelor,2,46974
19,Byron,Carter,Male,35,b.carter@randatmail.com,786-8570-90,Bachelor,15,193664
20,Charlotte,Montgomery,Female,36,c.montgomery@randatmail.com,500-0823-16,Doctoral,8,84993
21,Alford,Edwards,Male,37,a.edwards@randatmail.com,825-9357-65,Bachelor,9,149437
22,Albert,Parker,Male,32,a.parker@randatmail.com,528-9841-03,Doctoral,16,196821
23,Evelyn,Myers,Female,40,e.myers@randatmail.com,685-8728-73,Lower secondary,14,159206
24,Savana,Riley,Female,40,s.riley@randatmail.com,185-7592-92,Bachelor,4,92097
25,Sofia,Moore,Female,33,s.moore@randatmail.com,001-2675-73,Lower secondary,14,132854
26,Lily,Wright,Female,40,l.wright@randatmail.com,303-9112-32,Lower secondary,12,181903
27,Michael,Edwards,Male,36,m.edwards@randatmail.com,178-3738-59,Bachelor,11,55887
28,George,Hall,Male,37,g.hall@randatmail.com,261-5877-62,Bachelor,10,80572
29,Nicholas,Johnson,Male,32,n.johnson@randatmail.com,606-5029-20,Bachelor,3,146127
30,Alexia,Ellis,Female,37,a.ellis@randatmail.com,218-7576-87,Bachelor,15,151893
31,Michelle,Barrett,Female,36,m.barrett@randatmail.com,999-1791-53,Primary,3,138623
32,Steven,Murray,Male,31,s.murray@randatmail.com,521-4895-35,Lower secondary,15,54876
33,Kirsten,Taylor,Female,30,k.taylor@randatmail.com,334-8146-94,Master,13,122317
34,Adrian,Casey,Male,33,a.casey@randatmail.com,705-7242-54,Bachelor,15,139235
35,Penelope,Grant,Female,35,p.grant@randatmail.com,470-8313-89,Upper secondary,16,55752
36,Vincent,Taylor,Male,35,v.taylor@randatmail.com,148-8567-47,Bachelor,3,173937
37,Valeria,Nelson,Female,37,v.nelson@randatmail.com,080-5836-38,Bachelor,15,138347
38,Elise,Barnes,Female,40,e.barnes@randatmail.com,980-8612-23,Doctoral,18,176597
39,Tony,Ross,Male,34,t.ross@randatmail.com,733-5256-65,Master,0,112211
40,Lucy,Jones,Female,38,l.jones@randatmail.com,050-7919-89,Primary,13,196967
41,Tara,Adams,Female,39,t.adams@randatmail.com,900-3937-56,Doctoral,19,122462
42,Kristian,Grant,Male,36,k.grant@randatmail.com,018-2648-74,Upper secondary,16,138590
43,William,Hall,Male,40,w.hall@randatmail.com,876-0646-24,Lower secondary,3,172722
44,Edwin,Turner,Male,39,e.turner@randatmail.com,364-4913-18,Bachelor,10,98902
45,Ryan,Gray,Male,37,r.gray@randatmail.com,888-9326-81,Bachelor,15,139402
46,Rosie,Brooks,Female,34,r.brooks@randatmail.com,909-8387-57,Bachelor,6,106872
47,Sabrina,Clark,Female,38,s.clark@randatmail.com,025-9716-65,Primary,7,59821
48,Justin,Thomas,Male,39,j.thomas@randatmail.com,560-7925-86,Bachelor,11,48931
49,Melanie,Dixon,Female,32,m.dixon@randatmail.com,790-9882-66,Master,10,161219
50,Paul,Gibson,Male,35,p.gibson@randatmail.com,762-1022-14,Bachelor,13,181276
51,Cadie,Grant,Female,35,c.grant@randatmail.com,115-7817-87,Upper secondary,8,48850
52,Jack,Johnson,Male,33,j.johnson@randatmail.com,672-7775-90,Bachelor,8,195592
53,Alina,Rogers,Female,36,a.rogers@randatmail.com,240-7326-39,Master,5,176897
54,Vanessa,Bailey,Female,40,v.bailey@randatmail.com,618-0049-58,Master,17,81801
55,Alissa,Hall,Female,39,a.hall@randatmail.com,423-4354-06,Master,14,54342
56,Jacob,Allen,Male,35,j.allen@randatmail.com,358-1160-14,Doctoral,6,176119
57,Sam,Baker,Male,33,s.baker@randatmail.com,403-3374-89,Lower secondary,1,80131
58,Max,Harper,Male,38,m.harper@randatmail.com,651-2211-25,Doctoral,5,60804
59,Honey,Clark,Female,31,h.clark@randatmail.com,719-4613-10,Bachelor,11,134873
60,David,Myers,Male,35,d.myers@randatmail.com,922-6003-11,Upper secondary,10,69459
61,Richard,Harper,Male,37,r.harper@randatmail.com,351-2745-68,Doctoral,13,64962
62,Anna,Montgomery,Female,35,a.montgomery@randatmail.com,527-8561-14,Lower secondary,3,93072
63,Chelsea,Taylor,Female,35,c.taylor@randatmail.com,925-3905-16,Doctoral,17,194949
64,Melanie,Russell,Female,38,m.russell@randatmail.com,690-0964-55,Bachelor,4,107618
65,James,Holmes,Male,37,j.holmes@randatmail.com,421-2823-48,Upper secondary,10,154453
66,Lenny,Harper,Male,34,l.harper@randatmail.com,106-4253-43,Master,10,72325
67,Edwin,Harrison,Male,37,e.harrison@randatmail.com,214-9169-13,Upper secondary,18,125151
68,Madaline,Rogers,Female,38,m.rogers@randatmail.com,191-3197-69,Doctoral,13,34484
69,Charlotte,Wells,Female,39,c.wells@randatmail.com,366-8936-50,Bachelor,14,190006
70,Sofia,Evans,Female,40,s.evans@randatmail.com,915-8276-91,Bachelor,13,80410
71,Penelope,Phillips,Female,38,p.phillips@randatmail.com,674-3046-54,Primary,19,72185
72,Alexia,Johnson,Female,32,a.johnson@randatmail.com,970-0393-80,Doctoral,10,88483
73,Justin,Allen,Male,34,j.allen@randatmail.com,993-9691-25,Doctoral,15,51392
74,David,Craig,Male,32,d.craig@randatmail.com,850-6704-02,Master,3,195088
75,Bruce,Robinson,Male,38,b.robinson@randatmail.com,974-9944-87,Upper secondary,16,79892
76,Eleanor,Johnston,Female,34,e.johnston@randatmail.com,334-5459-80,Doctoral,12,35390
77,Roman,Wells,Male,39,r.wells@randatmail.com,204-6185-12,Master,0,149658
78,Vanessa,Smith,Female,39,v.smith@randatmail.com,497-1887-69,Doctoral,18,95794
79,Michael,Alexander,Male,35,m.alexander@randatmail.com,378-2678-51,Lower secondary,17,114977
80,Stuart,Smith,Male,39,s.smith@randatmail.com,685-8305-41,Primary,9,145651
81,Aldus,Craig,Male,39,a.craig@randatmail.com,585-5228-20,Bachelor,12,159737
82,Ashton,Rogers,Male,30,a.rogers@randatmail.com,100-5752-07,Doctoral,5,169797
83,Ashton,Richards,Male,34,a.richards@randatmail.com,718-8910-65,Doctoral,2,78364
84,Walter,Sullivan,Male,31,w.sullivan@randatmail.com,098-8727-48,Doctoral,14,56854
85,Ashton,Ross,Male,30,a.ross@randatmail.com,837-0177-13,Bachelor,12,152989
86,Tyler,Perkins,Male,36,t.perkins@randatmail.com,125-0775-66,Master,10,106402
87,Jack,Alexander,Male,30,j.alexander@randatmail.com,315-7875-40,Doctoral,5,121496
88,Anna,Johnston,Female,39,a.johnston@randatmail.com,220-5481-52,Doctoral,17,52490
89,Amelia,Chapman,Female,33,a.chapman@randatmail.com,619-3430-42,Lower secondary,16,160060
90,Walter,Walker,Male,37,w.walker@randatmail.com,018-5902-43,Bachelor,9,91572
91,Derek,Holmes,Male,37,d.holmes@randatmail.com,213-9625-64,Master,2,102833
92,Arthur,Casey,Male,34,a.casey@randatmail.com,374-5609-66,Primary,12,160789
93,Leonardo,Douglas,Male,38,l.douglas@randatmail.com,531-5520-96,Lower secondary,1,86783
94,Emily,Hamilton,Female,30,e.hamilton@randatmail.com,535-4141-05,Bachelor,13,107507
95,Kirsten,Murphy,Female,34,k.murphy@randatmail.com,796-9531-94,Bachelor,11,77351
96,Edith,Ellis,Female,32,e.ellis@randatmail.com,035-6662-35,Primary,16,147240
97,David,Edwards,Male,40,d.edwards@randatmail.com,927-0342-97,Lower secondary,9,184345
98,Chloe,Cameron,Female,40,c.cameron@randatmail.com,021-0864-00,Bachelor,1,193381
99,Abigail,Clark,Female,34,a.clark@randatmail.com,648-8522-11,Lower secondary,7,141546
100,Aston,Carroll,Male,33,a.carroll@randatmail.com,420-2457-53,Upper secondary,6,80046
101,Olivia,Cunningham,Female,31,o.cunningham@randatmail.com,186-9752-75,Master,15,196832
102,Isabella,Ryan,Female,38,i.ryan@randatmail.com,304-1310-48,Lower secondary,9,79204
103,Adrianna,Dixon,Female,37,a.dixon@randatmail.com,244-3671-21,Master,18,53099
104,Heather,Lloyd,Female,39,h.lloyd@randatmail.com,172-1497-93,Primary,6,72242
105,Catherine,Miller,Female,32,c.miller@randatmail.com,887-3455-86,Doctoral,10,47976
106,Martin,Ryan,Male,36,m.ryan@randatmail.com,513-4276-76,Primary,4,125097
107,Cadie,Holmes,Female,38,c.holmes@randatmail.com,891-2241-34,Lower secondary,16,184551
108,Kelsey,Thompson,Female,34,k.thompson@randatmail.com,488-8782-76,Bachelor,17,51797
109,Audrey,Farrell,Female,35,a.farrell@randatmail.com,794-5937-95,Primary,9,45770
110,Aston,Elliott,Male,31,a.elliott@randatmail.com,632-9610-87,Bachelor,15,195026
111,Hailey,Douglas,Female,35,h.douglas@randatmail.com,628-3975-63,Master,16,195902
112,Fiona,Hill,Female,33,f.hill@randatmail.com,779-3963-33,Upper secondary,10,71092
113,James,Wright,Male,35,j.wright@randatmail.com,439-3033-30,Doctoral,10,158076
114,Natalie,Owens,Female,33,n.owens@randatmail.com,495-4136-11,Doctoral,6,67232
115,Fenton,Alexander,Male,38,f.alexander@randatmail.com,193-4295-70,Bachelor,17,73634
116,Alford,Fowler,Male,31,a.fowler@randatmail.com,002-9948-23,Upper secondary,10,40462
117,Amanda,Nelson,Female,38,a.nelson@randatmail.com,094-4579-89,Upper secondary,0,48818
118,Andrew,Taylor,Male,34,a.taylor@randatmail.com,879-4854-85,Doctoral,8,128124
119,Abraham,Hall,Male,30,a.hall@randatmail.com,926-0672-26,Master,1,51035
120,Ryan,Holmes,Male,33,r.holmes@randatmail.com,192-7880-85,Upper secondary,1,55327
121,Evelyn,Montgomery,Female,32,e.montgomery@randatmail.com,484-3731-56,Bachelor,8,112952
122,Sabrina,Richardson,Female,31,s.richardson@randatmail.com,010-4070-52,Primary,9,196443
123,Lilianna,Taylor,Female,35,l.taylor@randatmail.com,289-1666-65,Upper secondary,16,165383
124,Owen,Hill,Male,35,o.hill@randatmail.com,345-6851-87,Master,8,66500
125,Tara,Williams,Female,30,t.williams@randatmail.com,235-0098-18,Bachelor,6,137039
126,Lucia,Chapman,Female,39,l.chapman@randatmail.com,969-8161-04,Master,2,32354
127,Alan,Rogers,Male,40,a.rogers@randatmail.com,916-0063-49,Lower secondary,20,42958
128,Grace,Stevens,Female,39,g.stevens@randatmail.com,347-3060-21,Primary,17,134418
129,Chester,Parker,Male,31,c.parker@randatmail.com,430-5808-01,Lower secondary,9,89537
130,Sabrina,Wilson,Female,34,s.wilson@randatmail.com,525-4805-65,Lower secondary,12,49463
131,Edgar,Myers,Male,30,e.myers@randatmail.com,563-9579-46,Master,1,120443
132,Ada,Ferguson,Female,31,a.ferguson@randatmail.com,506-0813-64,Doctoral,0,99767
133,Alen,Clark,Male,33,a.clark@randatmail.com,492-9920-82,Upper secondary,13,57801
134,Catherine,Wright,Female,34,c.wright@randatmail.com,389-8508-25,Master,4,55044
135,Vanessa,Watson,Female,36,v.watson@randatmail.com,886-7186-97,Bachelor,0,180900
136,Sienna,Murphy,Female,36,s.murphy@randatmail.com,728-0399-10,Bachelor,9,135092
137,Max,Foster,Male,32,m.foster@randatmail.com,310-2128-16,Doctoral,13,185564
138,Jenna,Hunt,Female,31,j.hunt@randatmail.com,979-5273-73,Master,10,33142
139,Tiana,Clark,Female,30,t.clark@randatmail.com,993-3950-89,Bachelor,7,107141
140,Sawyer,Brooks,Male,39,s.brooks@randatmail.com,265-1330-23,Upper secondary,6,111442
141,Haris,Cooper,Male,35,h.cooper@randatmail.com,735-2420-17,Bachelor,17,154173
142,Vivian,Cunningham,Female,30,v.cunningham@randatmail.com,897-9280-88,Doctoral,11,122475
143,Richard,Spencer,Male,34,r.spencer@randatmail.com,363-7204-79,Master,9,112563
144,Sarah,Douglas,Female,31,s.douglas@randatmail.com,451-6004-03,Upper secondary,10,189958
145,Belinda,Turner,Female,30,b.turner@randatmail.com,867-2486-16,Doctoral,1,189990
146,Lucy,Cunningham,Female,33,l.cunningham@randatmail.com,574-3731-05,Doctoral,11,91430
147,Lily,Russell,Female,33,l.russell@randatmail.com,707-7864-89,Upper secondary,10,115979
148,Abraham,Thomas,Male,32,a.thomas@randatmail.com,960-8008-86,Doctoral,4,43773
149,Jack,Clark,Male,38,j.clark@randatmail.com,306-5591-66,Bachelor,13,165249
150,Paige,Smith,Female,37,p.smith@randatmail.com,058-6059-71,Upper secondary,11,58408
151,Isabella,Evans,Female,40,i.evans@randatmail.com,697-6866-44,Doctoral,0,167462
152,Owen,Adams,Male,33,o.adams@randatmail.com,492-6109-73,Bachelor,6,144544
153,Chester,Cameron,Male,32,c.cameron@randatmail.com,423-6229-45,Primary,15,140853
154,Camila,Alexander,Female,37,c.alexander@randatmail.com,876-2981-87,Doctoral,9,134758
155,Annabella,Phillips,Female,31,a.phillips@randatmail.com,104-7297-03,Primary,12,151618
156,Violet,Wright,Female,36,v.wright@randatmail.com,696-1474-19,Bachelor,18,69081
157,Nicole,Martin,Female,39,n.martin@randatmail.com,170-6423-51,Bachelor,0,99648
158,Ashton,Robinson,Male,32,a.robinson@randatmail.com,605-7221-83,Upper secondary,8,102587
159,Adele,Barrett,Female,35,a.barrett@randatmail.com,323-3070-98,Primary,11,175900
160,Haris,Stevens,Male,37,h.stevens@randatmail.com,390-9593-57,Lower secondary,9,86785
161,Kelsey,Holmes,Female,36,k.holmes@randatmail.com,471-7148-58,Lower secondary,17,172577
162,James,Riley,Male,35,j.riley@randatmail.com,151-7101-15,Master,17,54078
163,Alina,Owens,Female,36,a.owens@randatmail.com,223-5061-71,Bachelor,4,103069
164,James,Morgan,Male,34,j.morgan@randatmail.com,192-8935-06,Bachelor,1,71412
165,Lucas,Cunningham,Male,40,l.cunningham@randatmail.com,637-4463-59,Primary,6,192968
166,Catherine,Evans,Female,32,c.evans@randatmail.com,274-4639-38,Master,7,41196
167,Arianna,Cole,Female,39,a.cole@randatmail.com,632-1293-26,Master,3,171366
168,Aston,Douglas,Male,30,a.douglas@randatmail.com,827-8911-40,Lower secondary,0,111988
169,Adison,Walker,Male,32,a.walker@randatmail.com,613-5710-54,Lower secondary,11,40522
170,Luke,Reed,Male,39,l.reed@randatmail.com,171-1649-96,Doctoral,8,118686
171,Kelsey,Riley,Female,37,k.riley@randatmail.com,965-4409-86,Primary,16,36428
172,Briony,Cunningham,Female,31,b.cunningham@randatmail.com,437-0370-06,Lower secondary,4,83943
173,Jordan,Clark,Male,38,j.clark@randatmail.com,689-9967-38,Doctoral,14,73887
174,Adele,Cooper,Female,39,a.cooper@randatmail.com,317-6052-77,Doctoral,19,140230
175,Audrey,West,Female,37,a.west@randatmail.com,714-1425-37,Lower secondary,11,179496
176,Brianna,Dixon,Female,40,b.dixon@randatmail.com,190-3899-55,Doctoral,18,100457
177,John,Wilson,Male,36,j.wilson@randatmail.com,847-7397-31,Doctoral,13,49859
178,Alina,Jones,Female,31,a.jones@randatmail.com,589-3343-06,Lower secondary,12,134728
179,James,Wilson,Male,39,j.wilson@randatmail.com,956-3079-57,Master,9,164903
180,Frederick,Warren,Male,37,f.warren@randatmail.com,661-6529-62,Master,3,184555
181,Byron,Thomas,Male,33,b.thomas@randatmail.com,446-8495-73,Primary,3,67121
182,Daniel,Rogers,Male,40,d.rogers@randatmail.com,187-7368-97,Lower secondary,0,80587
183,Edith,Payne,Female,38,e.payne@randatmail.com,939-3997-52,Lower secondary,4,191333
184,Hailey,Crawford,Female,31,h.crawford@randatmail.com,819-7038-36,Bachelor,0,155099
185,Stuart,Dixon,Male,35,s.dixon@randatmail.com,962-3041-01,Bachelor,11,192238
186,Julia,Roberts,Female,35,j.roberts@randatmail.com,340-7409-97,Lower secondary,17,78660
187,Lily,Cooper,Female,34,l.cooper@randatmail.com,885-7091-74,Primary,15,143505
188,Miranda,Brown,Female,40,m.brown@randatmail.com,039-3585-86,Master,2,185595
189,Melanie,Craig,Female,34,m.craig@randatmail.com,808-3373-17,Doctoral,1,45550
190,Evelyn,Moore,Female,32,e.moore@randatmail.com,317-2629-57,Doctoral,7,91993
191,Darcy,Murphy,Female,37,d.murphy@randatmail.com,846-7183-20,Master,1,51664
192,Amelia,Carter,Female,34,a.carter@randatmail.com,931-7348-02,Bachelor,9,187437
193,Alan,Wilson,Male,40,a.wilson@randatmail.com,028-6408-02,Primary,13,145653
194,Wilson,Smith,Male,40,w.smith@randatmail.com,183-2568-25,Primary,0,84847
195,Samantha,Hill,Female,37,s.hill@randatmail.com,263-9990-90,Doctoral,0,163851
196,Carlos,Stevens,Male,31,c.stevens@randatmail.com,810-1382-16,Upper secondary,4,146517
197,Victoria,Henderson,Female,30,v.henderson@randatmail.com,873-0511-30,Doctoral,8,50281
198,Audrey,Armstrong,Female,36,a.armstrong@randatmail.com,406-8347-82,Lower secondary,11,42038
199,Melissa,Kelly,Female,33,m.kelly@randatmail.com,443-4396-06,Doctoral,12,119192
200,April,Stevens,Female,35,a.stevens@randatmail.com,683-7400-87,Master,14,103201
